Attrition,JobLevel,TotalWorkingYears,Age,YearsInCurrentRole,MonthlyIncome,MonthlyIncome_scaled,MaritalStatus,YearsAtCompany,JobInvolvement,JobSatisfaction,EnvironmentSatisfaction,C0,C1,C2,C3,C4
0,4,32,50,4,17399,0.8642691415313225,0,5,3,4,4,3.8624031293956866,-1.1206007555721427,1.8780335785386906,1.810495216485154,0.8003000565539174
0,2,7,36,2,4941,0.20734022358152288,0,3,3,2,2,-1.125515433726424,-0.230287940740803,0.739726176932901,0.24397561523108496,-0.9267562701883504
1,1,1,21,0,2679,0.08806159038177601,2,1,3,2,2,-3.0182979641432564,-0.6749528266331166,-0.9980843827061214,-1.0412028297729734,-0.5800057343143986
0,3,18,52,6,10445,0.4975743514026577,2,8,3,2,2,1.821528865563015,-1.2556247963996827,-0.251911615134514,-0.6805315848594318,-0.5274610908172556
1,3,15,33,6,13610,0.6644695211980595,1,7,3,3,2,1.6335193430539336,-0.21594338637670948,-0.3067157905099434,0.12054470811657898,-0.6495093679814663
0,3,28,47,11,10333,0.4916684243830416,0,22,2,2,3,3.368698116513313,1.831415928751915,0.33133421138878744,-0.23238273658194958,0.47291120890969024
0,2,4,22,2,4775,0.1985867960345919,1,2,2,4,4,-1.8422855748884415,0.4479278008378839,-0.4670137424261951,0.9204841460096177,1.505521578979462
0,2,7,33,5,5368,0.22985657034380935,0,6,3,4,3,-0.7648874906201116,1.098020682361647,0.898954468939687,1.150281798824072,-0.1815786489603359
0,3,15,40,11,10855,0.5191942628137524,3,12,2,4,3,1.9305634947213266,0.4666074086154775,-2.0115394276012926,-0.2838075197253153,1.0902406746756264
0,2,8,27,2,5071,0.21419531744357734,2,6,1,4,4,-1.2213468227295237,0.19027562251964017,-1.8485595485642026,0.80178435041758,2.388564437836661
0,1,8,40,0,2406,0.07366589327146171,1,1,3,4,1,-2.043059752344342,-0.5967392264195529,-0.1467584231187455,1.4923584959173992,-1.4822821586089132
0,3,23,55,2,10976,0.5255747732545877,1,3,3,2,4,1.6950628739493723,-1.9556053642497255,1.566256301055119,0.07852235500916371,0.8707296379631564
1,1,5,33,2,2313,0.06876186458553048,2,2,2,2,1,-2.26283273709366,-0.7163650836483203,-1.933046380540307,-0.3603456433379652,-0.6398387294899339
1,3,17,37,1,10609,0.5062223159670955,1,14,2,3,1,1.3811217731540468,-0.34187809013514614,-1.3431933828626323,0.7829912621170203,-0.7238156294844077
0,5,26,46,4,18789,0.9375659143640582,1,11,2,2,4,4.356333208808354,-1.4477524214115554,0.11107727788516204,-0.0025149561393792126,1.650505571874528
0,2,10,38,8,9924,0.47010124446319346,1,9,3,2,3,0.6966205538566791,0.40762342384512845,0.30057695347995084,-0.8640518246143934,-0.008797458565764617
0,2,10,30,2,4627,0.19078253533009915,1,9,2,4,1,-0.855483064635757,0.5133155258811545,-1.5129236465988114,1.3085517290458433,-0.7842097722957904
0,2,15,36,12,5406,0.23186036701117907,0,15,1,4,4,0.7737875692114882,2.998047834426459,-0.49797086423139336,1.1923586254111107,1.9068565974645686
0,5,21,40,8,19833,0.9926175912254798,2,21,3,2,2,4.927411912768647,-0.38925517867966736,-1.0043967965304337,-1.3849562212157713,-0.47166017206054683
0,4,22,53,13,14852,0.7299620333263025,0,17,3,3,3,4.296208878523647,1.2434752469247596,1.1870276941815203,0.2995201579886418,-0.16144376897140342
0,2,10,32,5,5470,0.2352351824509597,0,9,3,2,4,-0.49329921173656005,0.9769018954205047,1.3680909326105146,-0.4848232171162629,0.531927573771911
0,2,4,55,2,4035,0.15956549251212826,1,3,3,3,4,-0.9364715989626485,-0.8772199835675237,1.5057287106444701,0.5808551522202986,0.7481468521702431
0,2,11,30,4,6091,0.2679814385150812,2,5,1,4,3,-0.6730426431146703,0.13697155035410877,-2.21843496420644,0.9507539672281614,1.644745103059868
1,1,1,23,0,1601,0.031217042817970886,1,0,4,1,3,-3.220131620743034,-0.5444036079626147,1.1025366904155225,-1.6729147647985785,-0.7473883342462662
0,2,10,51,0,6132,0.2701434296561907,1,1,2,3,2,-0.5572629519738087,-1.515947446564417,-0.2748258732039757,1.385735216372686,0.026732239505710714
0,2,8,42,3,6062,0.26645222526893064,1,4,2,4,4,-0.6059684760422633,-0.07073089481000731,0.1485058839023818,1.3029825775714259,1.5016975917743927
1,1,1,20,0,1009,0.0,2,1,3,3,4,-3.3855638088698607,-0.1530187408554577,-0.16510063844099818,-0.6539365937393234,0.9177085337236421
0,1,6,29,4,2168,0.06111579835477747,1,5,1,4,2,-2.0046897010707827,1.0170928632178926,-1.9642324944748026,1.4904186195187499,0.6407695454120852
0,4,25,43,10,14336,0.702752583843071,0,25,2,2,1,4.329159726760367,1.532389803245021,-0.7968985025588526,-0.05874817667337757,-0.9849957271934529
0,2,16,40,1,4422,0.17997257962455177,1,1,2,4,3,-0.8229855104434154,-0.6071917811757417,-0.1651890699275981,1.6447523485477518,0.7811865497145626
0,1,10,29,8,3131,0.11189622442522675,1,10,3,4,2,-1.0902920104175986,1.8402983885988387,-0.3460894527872791,0.32933131497543766,-0.8292449825711283
1,1,6,44,3,2342,0.07029107783168108,0,5,3,2,3,-1.6293962773812802,0.22906270406425971,1.4545337504807467,0.11664392627883308,-0.24353263698503633
0,4,26,47,17,17169,0.8521408985446108,1,20,3,3,1,5.208813778598294,1.5704998105595689,-0.6756117305718045,-0.38764079332001006,-1.4924873761443909
0,2,10,32,8,5309,0.22674541236026158,1,10,3,4,1,-0.1961091378340085,1.362745780073609,-0.7520129140041947,0.5820415480313889,-1.5440753328372478
0,1,8,38,0,2619,0.08489770090698166,2,0,3,1,3,-2.222994687002443,-1.5918445423484564,0.09388668576915132,-1.3917339716491905,0.17068534843763594
0,2,12,58,3,5660,0.2452541657878085,0,5,1,3,4,0.12091954793814103,-0.29445943208352554,0.530019257765009,1.8830997915521375,2.0105793176093165
0,3,10,45,1,9380,0.441415313225058,1,3,3,4,2,0.40243000023304526,-1.192967793595923,0.2393607036546287,1.4723968307293638,-0.6396585608472136
0,4,30,56,7,11103,0.5322716726429023,1,10,3,4,3,3.2960831587682504,-0.43269472414505833,0.943512952938734,1.1608267340666598,0.09376674654912817
0,2,6,37,3,9525,0.44906137945581104,0,6,1,4,3,-0.06316845858675617,0.47107106271724336,-0.7506156622339792,2.1743934163535954,1.3102422437061707
0,3,9,39,7,7880,0.36231807635519936,2,8,4,3,1,0.574004583741326,-0.2595453392573401,-0.3311396185145959,-0.6829921268234574,-2.0325320642231053
0,3,13,54,4,10686,0.5102826407930816,1,9,2,3,3,1.6040186172387376,-0.734265051500074,-0.0006884968191695281,0.8918678377079069,0.7717537410508293
0,1,10,32,7,4025,0.15903817759966254,2,8,3,3,4,-1.1074903083598768,0.8184646677208157,0.010865629475044016,-0.9462378986818627,0.8721225260627238
0,3,15,48,0,12504,0.6061484918793504,1,0,3,3,1,1.0965376427042113,-2.297210432795199,-0.02150796339426271,1.2004611722202936,-1.3322317264797447
0,2,6,33,5,5488,0.23618434929339804,1,6,4,2,3,-0.8628294443066884,0.1559297597382172,1.1579370948265861,-1.1529868604651734,-0.7426448521672823
1,2,12,31,7,6172,0.27225268930605356,1,7,1,3,2,-0.19828252377456096,0.8709604365706134,-2.005422761800929,0.6919345141418162,0.6636285858360793
0,3,24,46,13,10453,0.4979962033326303,0,24,3,1,2,3.400136863364009,2.0317534227095995,0.6609135537957402,-1.4165879897075504,-1.0417723395032106
0,2,10,38,2,5745,0.24973634254376714,0,2,3,4,4,-0.8460050112564211,0.10589603474104481,1.6283797527327921,1.4695370673306916,0.6265153989527156
0,2,16,38,13,4440,0.1809217464669901,1,15,3,2,4,0.7044129285279546,2.1371254112243823,0.7108766947897488,-1.5109550985821842,0.6135560404117004
0,2,10,43,9,7847,0.36057793714406244,1,10,3,4,4,0.5986335769801568,1.14630391003681,0.8322004229398894,0.40008686907570584,0.7300245293521873
0,1,4,37,2,2326,0.06944737397173592,1,4,3,4,2,-2.0743426805671854,0.20468810234341178,0.07579966883380347,1.0403744247560884,-0.7722957674956055
0,2,11,30,10,4152,0.16573507698797724,1,11,2,4,3,-0.2383064424743248,2.117737700427134,-0.8500066225802885,0.4993458546524829,0.6412127375648035
0,4,21,39,9,17123,0.8497152499472685,0,19,2,2,3,4.046961761322655,0.9663767402359137,-0.0683033715041698,-0.1590799153798976,0.5896544210896809
0,5,21,43,12,19392,0.9693630035857415,1,16,2,3,1,5.042269853450331,0.38612669903867247,-1.6299877698721386,0.35890645697230683,-0.6851159573342572
0,2,9,27,6,6811,0.30594811221261337,2,7,2,1,4,-0.5510010971636945,0.03308172147143911,-1.0101240345953897,-1.9257702865601716,1.6177285618530821
0,2,10,42,4,6244,0.2760493566758068,2,5,2,3,3,-0.35734433647632613,-0.5821390268998784,-0.9389342719275421,0.14592708186467354,0.9108474707084436
0,1,4,31,2,3978,0.15655979751107363,0,2,4,3,1,-2.041207344132407,0.1923024185957892,1.009730573840761,0.544781921474033,-2.4005452391388755
1,1,8,39,2,2404,0.07356043028896857,1,2,3,1,4,-1.9654927681078387,-0.6220677527317439,1.163104494035327,-1.175208454037552,0.7093851480198062
0,4,9,29,7,16124,0.7970364901919427,0,7,2,4,4,2.1182284197237995,0.6784605391014131,0.03718263631076238,1.3130788185571676,1.4237831161766927
0,5,22,49,2,18665,0.9310272094494833,2,3,3,1,3,3.59576780556512,-3.305295622633116,0.09685209578414916,-1.0285444156797736,0.4047861932467603
0,1,20,38,0,2858,0.09750052731491247,2,1,2,1,1,-1.4254314051139834,-1.7193351587281724,-1.544198226717486,-0.6934621039366449,-0.5960200162912439
0,4,16,42,0,15992,0.7900759333473951,2,1,3,4,1,2.0093749388732443,-2.6115249652058696,-1.0078388696626928,1.26320171372327,-1.0827838259258384
0,3,9,34,7,8628,0.4017612318076355,0,8,3,3,4,0.5694490728094425,0.9951295845704747,1.2604776629704186,0.2226851377358568,0.5837175643389603
0,2,17,36,8,6586,0.2940835266821346,1,16,3,4,3,0.8070451086056958,1.7117799384881662,0.23588815616293807,0.24984794029639865,-0.04763641913656844
0,2,5,27,2,4342,0.175754060324826,1,4,3,4,3,-1.5995671248589325,0.3304213320437974,0.13195683043806514,0.7166469588808101,0.02195992058277618
0,3,20,40,0,10932,0.5232545876397384,0,1,1,1,3,0.8971793535456025,-1.607934004107844,-0.35242822702389365,0.630008363000078,1.3783109755410619
0,3,10,34,9,7083,0.3202910778316811,1,10,2,3,4,0.5865650773266476,1.2272380904790832,-0.31107839603814236,-0.09600638576720198,1.4362962628985463
0,3,10,43,0,9985,0.4733178654292344,3,1,3,1,3,0.1549680784789557,-2.961276134986149,-0.5947920042603676,-1.6964231726097159,0.4625613874867472
0,3,13,31,7,10793,0.5159249103564649,0,13,3,4,1,1.4262723049904866,1.3512828200185645,-0.21681556088849205,1.119560157780391,-1.6512428960999346
0,1,12,41,3,2782,0.09349293398017296,1,5,3,4,4,-1.3641448667419809,0.3279940369117283,1.1066742530122675,0.8212149271570927,0.7383580509805026
0,2,10,31,8,5003,0.21060957603881042,1,10,1,1,4,-0.3384066468080525,1.0883271575940143,-1.1206159456833493,-1.1523501748738658,2.0945565696381867
0,2,12,45,2,5399,0.23149124657245307,2,4,3,3,2,-0.5063772038893163,-1.1858729135319315,-0.30931517026459104,0.11831798776500378,-0.5412195448564182
0,2,9,33,7,4682,0.19368276734866063,2,7,2,4,2,-0.6054724366912105,0.6701531878749363,-1.7720431855817398,0.49740808018954963,0.12027731507325415
0,2,17,36,2,2571,0.08236658932714618,1,5,4,4,3,-0.9675955813839048,0.03737830225046683,1.4327187226982436,0.5597996146969769,-0.6985588888878053
0,1,14,33,11,2028,0.053733389580257335,1,14,4,2,2,-0.5487928253593035,2.0475798358732935,0.6677575024987636,-1.6580100988534565,-1.6261906321296198
0,1,5,31,2,2911,0.10029529635098079,0,5,3,3,1,-1.9977705659833211,0.5884913362838446,0.14022344302075387,0.8298670307210718,-1.7149297104312151
1,1,1,19,0,2325,0.06939464248048935,2,0,1,1,3,-3.192601620401392,-0.6870796655579073,-2.324051860955814,-1.1044343261068859,1.5891824882777432
0,1,5,32,1,2794,0.09412571187513182,1,5,4,2,2,-2.1427718847931096,-0.24761951026134804,0.8717129486534742,-0.8269632429789359,-1.503427976949094
0,2,18,36,9,7779,0.3569921957392955,2,11,3,4,1,0.8873257475714436,0.7684607083951851,-1.294139865539198,0.132971113006562,-1.3299052347650313
0,2,19,37,0,4071,0.16146382619700483,0,10,3,2,3,-0.4018635722953867,0.03496291250984279,1.32688613160768,0.07019156323237045,-0.18694241129776992
1,1,1,29,0,2319,0.06907825353300992,3,1,2,1,2,-2.86098341474717,-1.5210033707594495,-2.240828762721255,-1.6733392189494836,0.29510278506362486
0,1,11,29,5,2514,0.07936089432609154,0,7,3,4,3,-1.520887215016716,1.6380868639024158,0.8806074336537043,0.9919302947044278,-0.2239268819211497
0,5,21,41,16,19973,1.0,3,21,1,3,2,5.579543938736478,0.7586863347631382,-3.6263887100796866,-0.8696989896990044,1.0928406495162322
0,2,12,30,9,6347,0.28148070027420374,1,11,3,4,3,0.11631875947810165,1.7191743202048606,0.01738947467008691,0.18999186195923587,-0.03652321082107899
0,3,9,39,3,13464,0.6567707234760599,2,4,3,3,3,1.033571389135019,-1.4536993015357333,-0.29899778613403266,-0.14328402086170972,0.30916426001521174
1,1,1,22,0,2398,0.07324404134148914,1,1,3,1,3,-3.0359484556938603,-0.4150769212346892,0.17482161617827496,-1.3333546955194082,-0.028672326181788863
0,2,6,31,4,4345,0.1759122547985657,1,5,1,3,3,-1.1950414411271195,0.48919014180679166,-1.5008648340942166,0.7535286253549675,1.4157627664684238
0,4,26,45,3,17650,0.8775047458342122,1,9,3,4,4,3.547874711261773,-1.1385699011741313,0.9771059348395474,1.0628329588600118,0.9590194807118211
0,2,19,42,4,4556,0.1870385994515925,0,5,3,3,1,-0.08786993833354086,0.10535488669512058,0.5187394319472629,1.0962525514268893,-1.6737727476710313
0,3,10,31,9,8943,0.41837165155030587,1,10,2,3,3,0.8504045779344968,1.12669069023822,-0.8756752175262278,-0.01739370643642553,0.7085144428786526
0,2,13,51,1,5482,0.23586796034591861,0,4,1,2,4,-0.2808109092177797,-0.6696938065769888,0.4111622213401116,1.1776239033946347,2.020857010518437
0,2,14,34,9,5343,0.228538283062645,2,13,2,1,4,0.21250644145062428,0.838060069591326,-0.8399780914882379,-2.1259921257556122,1.5480710983848263
0,4,10,33,8,17444,0.8666420586374183,2,10,3,3,4,2.6750946971950396,-0.30286416808528754,-0.3314613532078553,-0.8578011785184478,1.0508125187915636
0,2,15,40,8,5677,0.24615060113900022,1,11,3,2,2,0.39545576235523194,0.7059064900355722,0.03890055957264884,-0.7555562820316385,-0.8148094380117652
0,3,10,33,8,8380,0.38868382197848556,0,9,4,3,4,0.6575610944954632,1.2182581492794842,2.0800182476100546,-0.28253034401337823,-0.14512773864799108
0,2,6,34,5,5714,0.24810166631512343,1,6,3,3,2,-0.7432579532852308,0.3244930611018086,-0.15356826804437704,0.09471564555322577,-0.7633838519222053
0,1,10,34,9,2691,0.08869436827673487,1,10,3,4,2,-0.9428110379327151,1.8531700312810089,-0.20279359419015036,0.386211330642355,-0.844506247861619
0,3,9,30,7,11416,0.5487766294030796,1,8,4,1,2,0.9252711484721755,-0.15139229997776685,0.4834822952810891,-1.8783322435702858,-1.4445004014654692
0,2,9,45,8,3633,0.13836743303100613,1,9,3,1,4,-0.29826807713947506,0.4822675898163369,1.098662086130258,-1.5835678222853218,0.6468038327314019
0,3,9,37,5,8834,0.41262391900442946,0,9,3,2,1,0.6669947430543764,0.212161252536938,0.1272167061320532,0.09000372122224588,-1.6749106590337057
0,2,13,31,7,7547,0.3447584897700907,0,7,3,4,4,0.060026861766183735,1.417288182340096,1.2261963058836634,0.8666607624683752,0.5888096749856317
0,1,8,32,7,3068,0.10857414047669268,2,7,3,4,4,-1.431366948765694,1.0475622942138823,-0.015451771665163958,-0.2356764837138014,0.8763252073127881
1,1,7,30,2,2132,0.05921746466990087,1,5,3,3,1,-2.094401770245376,0.23180237678298385,-0.5266739180344938,0.294550015645203,-1.5373758080531856
0,2,10,33,3,5376,0.23027842227378192,1,5,4,1,3,-0.8794896394557907,-0.50518331874977,1.2920860996118573,-1.6736905963992046,-0.7280968156585855
0,3,10,38,0,7861,0.36131617802151444,2,1,3,3,3,-0.3292152406943007,-1.7470729968191019,-0.1156312933843187,0.0741229839395577,0.28450181163445437
0,2,17,41,0,3072,0.10878506644167897,0,1,3,1,3,-1.0625632934822582,-1.0193327121028928,1.5674652016736361,-0.23786211223650322,-0.16529495338267317
1,3,18,51,2,10650,0.508384307108205,2,4,1,4,1,1.3908568044922704,-1.7059203720052278,-2.3947848198909667,1.9799416870245583,0.23627585913517757
0,2,13,38,3,6288,0.27836954229065597,0,4,2,1,1,-0.34455013545497654,-0.4458417456039912,-0.4701521353235434,0.07515558469463675,-0.9636058223186652
0,2,9,27,8,3540,0.13346340434507487,1,9,2,3,2,-0.7860305675435607,1.5074704205346816,-1.2861983874141676,0.03854171222350454,-0.10762731422663727
0,4,33,53,9,14275,0.6995359628770301,2,12,3,4,4,4.130471505675198,-0.4631758294826486,0.5146287694307061,0.29289921870452507,1.0468251921797116
0,2,4,30,1,5301,0.226323560430289,1,2,3,3,4,-1.602407979555681,-0.32514463265199056,0.7122219485828412,0.08783276123471007,0.7877694568748935
1,1,1,30,0,1081,0.0037966673697532177,2,1,3,4,2,-3.0130696857059385,-0.42904486222786736,-0.7459124789767726,0.551029679733923,-0.5749612451449829
0,1,7,30,2,3833,0.1489137312803206,1,2,1,3,4,-1.9870023795228497,0.18290048138170753,-0.9734507656279673,0.7891693571592968,2.1858777761130472
0,5,32,58,8,19701,0.9856570343809323,1,9,3,1,4,5.3632002245378345,-1.8364973354749592,1.358723474551766,-0.92774613685296,0.9214653715777555
0,2,16,34,1,9725,0.45960767770512556,0,15,4,4,2,0.72502524045456,0.6580223297022532,1.3997115894967844,0.9289458678743412,-1.5986077563280081
0,2,18,51,7,4936,0.20707656612529002,1,7,3,4,3,0.46015404644127916,0.34783454844617306,0.8636888611331287,0.9703313197362698,-0.010175904769739265
0,4,21,39,9,17068,0.8468150179287071,1,21,3,1,3,4.087632228797908,0.4248436921504818,0.15245355708787064,-1.8320278417598226,0.03074159433439352
0,3,10,36,3,9980,0.47305420797300146,2,10,3,4,2,0.72953307232225,-0.420370525316433,-0.8427044317569555,0.38596298452962907,-0.5037166483640994
0,2,13,32,12,5228,0.22247416156928917,1,13,2,2,3,0.36112695545951207,1.9883801356252504,-0.7883456627153046,-1.0100633958409513,0.6018669640104709
0,1,18,56,4,2942,0.10192997257962456,1,5,3,3,1,-0.4242030345483681,-0.5537547829619329,0.349923396087832,0.8667075600523246,-1.530521586452698
0,2,13,57,9,4900,0.20517823244041344,3,12,4,3,2,0.7224988802342245,-0.27777666954471575,0.04913873424549344,-1.1907919425883788,-1.1848646022831715
0,4,32,57,0,14118,0.6912571187513183,0,1,2,4,1,3.0653552842806033,-2.2481940089353225,0.12725053102360653,3.1227122324133694,-0.7283924416150335
0,1,5,40,2,2342,0.07029107783168108,2,4,2,4,4,-1.9876626682806688,-0.1396592954713411,-0.4905030203294767,0.7221663265593655,1.629345266566865
1,1,1,23,0,1790,0.04118329466357308,1,1,3,1,4,-3.1370464074549016,-0.33651201857494295,0.6521605368884351,-1.449663784898716,0.715263622122973
0,3,11,53,3,7005,0.31617802151444846,1,4,4,4,2,0.45865422176439025,-0.9739084693503088,1.361793386732501,1.106003388643442,-1.4060707036480993
0,1,4,38,3,2440,0.07545876397384517,2,4,2,2,4,-2.026871838834883,-0.35461735446505843,-0.525237381105273,-0.7796769312192514,1.5931187065675578
0,1,8,36,2,2143,0.059797511073613155,1,5,3,2,3,-1.9096397687576785,-0.07958279878645816,0.5773893040122501,-0.5221634860376475,-0.04817776261729976
0,3,11,29,10,7918,0.3643218730225691,1,11,3,4,2,0.7997961373672797,1.5984352349833155,-0.5415743429680007,0.27772023594569684,-0.7670613333312591
0,3,20,38,16,13206,0.6431659987344442,1,18,1,3,2,3.3468062585152776,2.257333249697613,-2.188859562409483,0.0790349044920866,0.6391299317420716
0,3,25,47,14,8633,0.4020248892638684,2,17,3,3,1,2.8231424916392975,1.1905415453909272,-1.0651496211870044,-0.7263405609641841,-1.3867979976089417
1,2,10,32,4,4883,0.20428179708922167,1,10,3,3,4,-0.6420075689332363,0.7435180369590536,0.6941782294243919,-0.28670287607387646,0.7231651372361533
0,2,6,36,5,6499,0.2894958869436828,2,6,2,2,2,-0.5646765330110738,-0.3928596290583735,-1.6104058416574298,-0.6714401712978364,0.12822009659087566
1,2,20,49,3,4284,0.1726956338325248,2,4,2,1,1,-0.060801848371492315,-1.6209852323201654,-1.3484070872103247,-0.6716126353653471,-0.612973167069565
0,1,6,34,5,4381,0.17781058848344233,2,6,2,1,3,-1.4254226756889612,-0.17938746357287116,-1.1399879238643837,-1.5949258309305723,0.8292099214022106
0,2,9,39,7,4534,0.18587850664416788,2,8,3,3,1,-0.39662243492695154,0.19520728487540515,-1.1134776761168825,-0.3465644570887399,-1.3704956603890912
0,3,12,30,8,8474,0.3936405821556634,2,11,2,3,3,0.7904527034681028,0.6754364017765907,-1.5313272001385323,-0.5258639448142445,0.8916819839299065
0,3,14,51,2,10596,0.5055368065808902,1,4,3,2,2,1.1276208552374352,-1.741728557975447,0.48101944322213674,0.16451488598246639,-0.6609049002020826
0,2,10,60,2,5405,0.2318076355199325,2,2,3,1,1,-0.2544347068527736,-2.3914091257854313,-0.19529944175076272,-0.7209100551359416,-1.319706765683818
1,2,12,50,3,6728,0.3015713984391479,0,6,3,3,2,0.13213831567122458,-0.27164792027094026,1.1203290917308446,1.1535704732360577,-0.9116938881572744
0,1,8,45,4,2132,0.05921746466990087,1,5,3,4,4,-1.4970377578679124,0.4338328020520236,1.183167577040483,0.8296401188957053,0.7124690722681044
0,3,37,56,4,7260,0.3296245517823244,2,6,1,4,4,2.1322386575528256,-1.1317169608218032,-0.7562756576149524,1.5880186152955058,2.4607112770959834
0,3,12,46,8,8578,0.39912465724530694,0,9,3,4,4,1.2223103961485824,1.008895200196697,1.6086507226066629,1.127494543198386,0.5848638601457258
0,1,7,42,3,2766,0.09264923012022781,0,5,3,2,2,-1.538731902373817,0.1894815742395402,0.957967639425784,0.21333799684896665,-0.9871911321481662
0,3,19,60,0,10883,0.5206707445686564,0,1,1,4,3,1.4706860036547031,-1.635595711891243,0.18262439056516055,3.186583890916717,1.409823940987745
1,3,34,53,7,10169,0.48302045981860364,1,33,2,4,3,4.130495960900602,1.908516650799391,-0.14386784854135706,0.6729530338794311,0.6572288860604394
0,2,10,39,0,5151,0.2184138367433031,1,10,3,1,1,-0.6198972735799823,-0.8146023772538841,-0.2177620558839025,-0.8661330360160643,-1.5289055320964446
0,5,29,48,10,19665,0.9837587006960558,1,22,2,2,4,5.772187118045636,0.2920060936781172,-0.06306194423082899,-0.6643181139657713,1.5539859098775393
0,2,7,37,4,6502,0.2896540814174225,1,5,3,4,3,-0.6003211526561726,0.19571472064707793,0.3734346330527741,0.8316659578846631,0.026899548994538416
0,2,12,41,2,5467,0.23507698797722,0,6,3,4,4,-0.47990651673785323,0.3467532877008388,1.7139911339595464,1.412109226334367,0.6021405976641988
0,1,3,21,2,2610,0.08442311748576249,2,3,3,4,1,-2.6303483437003607,0.17921013192378824,-1.5475187287573293,0.30826922941971097,-1.3276877843007566
0,2,8,32,2,4403,0.1789706812908669,0,5,3,4,2,-1.1662829185181987,0.5639662517495914,0.5459472797283842,1.4710439115361373,-0.9132335620761032
1,1,7,37,0,2090,0.057002742037544823,2,0,2,3,4,-2.3906908592359226,-0.9234738141198453,-0.443151455199577,0.22097695905144188,1.6571585925419352
0,3,24,45,9,5210,0.2215249947268509,0,24,3,1,1,2.1618332845636594,1.7555698178949066,0.3933250064057256,-1.1114835259844962,-1.8261027149227809
0,3,16,41,0,13591,0.6634676228643747,2,1,3,4,4,1.0905867683718289,-2.0508689126336597,0.33462886530900976,0.7858333502220903,1.1320759035348333
0,2,18,42,0,2372,0.07187302256907825,1,1,4,2,2,-1.1238736136481435,-1.3539087127812959,1.3586223952933898,-0.29171540748946645,-1.4418844377969042
0,2,10,42,7,6825,0.3066863530900654,1,9,3,2,3,0.1914776556104238,0.33749454407867147,0.5116840207306257,-0.7345041368388041,-0.04058029823529178
0,1,1,24,0,2033,0.05399704703649019,1,1,3,2,4,-3.055124593846265,-0.16637152687530615,0.6465275080591086,-0.7287268172287702,0.7319881717800186
1,2,6,33,2,8224,0.3804577093440203,2,5,3,1,1,-0.6248350793096366,-1.33569048691676,-1.1810039221286939,-1.469296451597603,-1.3004918631249127
0,2,12,43,2,5562,0.2400864796456444,1,5,3,4,4,-0.48907829339650777,-0.24829519532428818,1.1173245246338503,0.9785074657419824,0.7909136754424103
0,1,3,38,1,2684,0.08832524783800887,1,2,3,3,3,-2.245837144709864,-0.3347225478106645,0.6026452556711802,0.35900986990666667,-0.01301872449974626
0,2,14,33,0,6388,0.28364269141531323,2,0,3,3,4,-1.0007377732394591,-1.3793557641306047,0.2602826864664865,-0.16320067445039815,1.023250603604518
0,3,35,53,2,10934,0.5233600506222316,1,5,2,4,1,2.4743920604361676,-1.5248536902522647,-0.6407354376317017,2.2177933421055958,-0.628050324283719
0,3,18,43,7,10820,0.5173486606201223,1,8,3,1,3,1.688601241920146,-0.5294432204652432,0.5613160169435165,-1.2650125533152567,0.028222038773430377
0,1,10,42,6,2593,0.08352668213457078,0,9,2,1,4,-1.0088327127259187,0.9744506042403626,0.9068285260953124,-0.6600199488743216,1.1736053291908148
1,1,7,29,7,2119,0.058531955283695425,1,7,1,1,2,-1.655311402199004,0.9878813139346934,-1.9483650311433858,-0.8355149358474058,0.5643860828906744
0,2,11,29,7,4335,0.1753849398861,1,8,3,3,2,-0.6220441935645626,1.0445189862460234,-0.31041235189032,-0.19401326824369095,-0.7952201529655257
0,1,8,37,0,3022,0.10614849187935034,1,1,3,2,2,-2.063349916044078,-0.9145808797279225,0.2462249344411106,-0.09984953690921297,-0.7500338026587088
0,5,28,50,3,18172,0.905030584264923,1,8,3,2,1,4.288828930583798,-2.257529542184522,-0.10743434352372024,0.27637407771334166,-1.2985944890027197
0,2,4,29,3,4649,0.19194262813752372,1,4,3,3,4,-1.494127571704026,0.25002615423165686,0.6228409505815887,-0.1282344997628211,0.7525957858497964
0,3,15,33,14,13458,0.6564543345285805,2,15,3,4,1,2.6261970729783117,1.4843419058042013,-1.715877742914407,-0.31480570854805784,-1.3169726851425692
0,4,31,55,7,16756,0.8303627926597764,2,9,2,1,3,4.236330492364977,-1.9511872148241238,-0.6135980498639046,-0.9878618177725732,1.0259936672933097
0,3,16,51,9,12490,0.6054102510018984,1,10,2,2,2,2.4298679349037444,-0.2065515066134564,-0.6394877645083207,-0.037097411174336764,-0.009566297267018548
0,1,10,30,7,2613,0.0845813119595022,0,10,1,3,1,-1.1421966864697546,1.953703144520528,-1.7554953240908182,1.1480077288902841,-0.34751392788960767
0,5,23,49,0,18711,0.9334528580468255,1,1,2,3,1,3.5138199471349933,-3.0043001816607116,-0.9641491594791658,1.733632498676687,-0.5080965602031549
0,2,20,47,10,5067,0.21398439147859105,0,19,4,3,3,1.3481678548505542,2.118857790594933,2.1424009960250174,-0.27422164269440275,-1.0091619321153322
0,1,1,31,1,2501,0.07867538493988609,2,1,3,2,3,-2.693983435565433,-0.7910769084184557,-0.2645477568314087,-0.9981925546779592,0.15766919791249978
0,1,7,47,2,2105,0.05779371440624341,2,2,3,3,2,-1.7985425167142155,-0.9943638896649297,-0.18647558247198337,0.15178896353920462,-0.592512498746556
0,1,2,58,2,2372,0.07187302256907825,0,2,3,3,1,-1.5910158208851979,-0.5643340604958236,1.0170217404371553,1.5564463363836554,-1.7210517327249364
1,5,23,41,15,19545,0.977430921746467,1,22,3,3,2,5.620555167798546,1.425417296866813,-0.5018666988445682,-0.5871987273602104,-0.700308435425754
0,1,5,29,4,3785,0.1463826197004851,2,5,2,1,4,-1.888675565180768,-0.12269729746139328,-0.8311170047802828,-1.7665757350599864,1.587454374068547
0,1,20,50,8,3221,0.11664205863741826,1,20,4,3,4,0.5720137166365593,1.698079523971178,2.1099319823714744,-0.8144449844279302,-0.10067168816554148
0,1,6,32,2,2837,0.09639316599873445,2,6,2,2,3,-1.9745918463451737,-0.2443517295442471,-1.1324025795745145,-0.7831392588116083,0.848724726614321
0,5,23,44,7,19049,0.951276102088167,0,22,3,4,2,5.078337961627013,0.7413165264161153,0.44434168022443,1.1636014682701497,-0.813420140472149
0,1,7,38,6,2844,0.09676228643746045,1,7,4,3,3,-1.384057815302328,0.7728662459618703,1.3375823629727261,-0.475838668229738,-0.7861374219939186
0,1,1,45,0,2274,0.06670533642691415,2,1,2,3,2,-2.3310758867164236,-1.2109803326372295,-1.1234898698177118,0.6150653010865336,0.13382735200577825
0,3,28,46,2,10527,0.5018983336848766,1,2,3,3,1,1.627022093997658,-1.7229046099007197,0.006040440086069009,1.0243477760184032,-1.355688993294324
0,1,6,34,0,2932,0.10140265766715882,1,5,4,4,4,-2.107248568288942,0.087576216738114,1.7702149705821315,0.40616865828123233,0.03927324492044172
0,2,17,55,7,6385,0.2834844969415735,1,8,3,2,3,0.8273070466383972,-0.253349055752123,1.0143736575775955,-0.35312240475427265,-0.030520653084985614
0,1,1,19,0,2994,0.10467201012444631,2,1,4,4,2,-3.025118592666848,-0.24529141870393933,-0.2628729014251253,-0.0877651741749208,-1.2615361178327336
0,2,9,32,8,6162,0.27172537439358785,1,9,3,4,1,-0.15110122404174545,1.2225705201474302,-0.7683805915768623,0.6177157738452046,-1.529757404343996
0,2,11,40,7,3975,0.15640160303733391,0,8,3,3,3,-0.3400984647111078,1.1774565911604273,1.1525166284234099,0.44698752848604034,-0.2348199743795565
0,2,11,30,8,5209,0.22147226323560432,0,11,2,2,3,-0.17867943018240243,1.703796784327813,-0.082926071279658,-0.24791887473737234,0.4590056600216307
0,1,13,48,0,2259,0.06591436405821556,1,0,3,3,4,-1.6905863032757404,-1.0274128552246093,1.5058828413813734,0.6442773246168204,0.7704097734672908
0,4,22,45,8,16792,0.832261126344653,1,20,2,4,1,4.234374094086063,0.5755445668467708,-1.4455672465917822,1.155742661474091,-0.7057563579133344
0,1,10,29,7,2720,0.09022358152288547,0,10,1,4,2,-1.1687130607472995,2.2742495598286334,-1.3890007585654534,1.6848202691185756,0.4201638445593707
0,2,19,46,13,4615,0.1901497574351403,0,16,2,1,4,1.2367579401884716,2.166198971194414,0.8146646895197344,-1.1228694131360304,1.1306873584351
0,2,8,41,2,5003,0.21060957603881042,2,2,3,3,4,-1.066635685508375,-1.0081703440306329,0.41640296440558544,-0.20470454490090392,0.9626829918823737
1,1,4,41,3,3140,0.11237080784644589,2,4,3,2,2,-1.7817791618301468,-0.7177309188690552,-0.43736166118598774,-0.8234637091094552,-0.6176720453302995
0,4,24,52,3,13247,0.6453279898755537,1,5,4,3,4,2.624838674557858,-1.6772289111966319,2.204486238091814,0.23467742288354493,0.19325612351041002
0,3,23,51,12,7484,0.34143640582155665,2,13,2,1,1,2.2714179024506813,0.10764075728596217,-1.653227763372408,-1.394083769176808,-0.6809511626214235
0,1,7,36,2,2644,0.08621598818814595,2,3,3,4,3,-1.9991585899577236,-0.26226839469545565,-0.15866241907298753,0.41883854754533106,0.1785907731082392
1,2,17,38,0,6673,0.2986711664205864,1,1,3,1,2,-0.520203409435413,-1.6792884174652052,0.3029295569258068,-0.661951953024744,-0.6893176130397343
0,2,10,31,2,5332,0.22795823665893272,2,5,3,1,4,-1.0598235851785118,-0.8836347620686685,0.14796954698847667,-1.9232114826593543,0.9287738873840777
0,2,9,44,3,5454,0.23439147859101456,0,4,3,1,2,-0.5631192932475485,-0.5532435024747789,1.0060044290201988,-0.33813888245215795,-0.9475076806926185
0,2,10,30,7,5304,0.22648175490402872,0,8,3,4,3,-0.4534427269318321,1.6694819177017994,0.7632712224004095,0.9083742275324908,-0.202375560206334
1,1,3,31,2,2302,0.06818181818181818,2,3,3,2,4,-2.464181442140187,-0.3957049493730815,0.14898061362208645,-1.251686720057209,0.8914663437549727
1,1,8,27,2,2394,0.07303311537650285,2,8,3,3,4,-2.0244643022997235,0.34700017052011156,-0.010927994377219117,-0.7954740037172745,0.8890338655790452
0,2,5,24,2,4377,0.17759966251845605,0,4,2,3,4,-1.6652982579838587,0.7755147126867827,0.29815886305911304,0.723163139582388,1.2933507166198175
0,1,5,50,2,3690,0.14137312803206076,1,3,2,3,3,-1.4473110096680795,-0.5471314264967191,0.08317297400441341,0.9630355743013536,0.6993139394989785
0,2,17,39,11,5902,0.25801518666947904,1,15,2,3,4,0.9286484649894337,1.9551535349273295,-0.12809958331280133,-0.2650709578700569,1.3774798448447994
0,2,10,30,4,4695,0.19436827673486606,2,8,3,3,3,-0.8556706267360634,0.15636020124270703,-0.4513290196840217,-0.6481741963099423,0.16432394074909232
0,2,10,30,8,5126,0.21709554946213883,1,10,2,4,4,-0.3411019505828782,1.7205575236413015,-0.3830937853419448,0.5185374181662133,1.4244249503544524
0,5,30,59,2,18844,0.9404661463826197,1,3,2,4,3,4.432314980323777,-2.5911853546293817,0.18825983987221465,2.2509909540015176,0.9943686720507503
0,3,10,36,7,11713,0.5644378823033116,1,8,4,1,1,1.2378995858510975,-0.4669131971528849,0.24681390639576764,-1.5917256488003426,-2.193016424372779
1,1,3,29,0,2404,0.07356043028896857,2,0,2,1,4,-2.8072005845744097,-1.0677017378478941,-0.6781185214655979,-1.380587087598286,1.6275115485742386
1,1,1,30,0,2033,0.05399704703649019,1,1,2,1,2,-2.8158589091004576,-0.6761187270165754,-0.8671172268577859,-0.6184482046501573,-0.07369914719623713
0,5,21,50,4,19926,0.9975216199114112,2,5,3,2,3,4.062163563424435,-2.709746740098309,-0.00607117730885954,-0.49214767429315576,0.40425299146754273
0,1,17,37,1,3920,0.15350137101877243,1,3,2,1,3,-1.256085957446485,-0.831712045472585,-0.13176052881135994,-0.6079885248625624,0.712390631966459
0,3,19,38,8,12061,0.5827884412571188,1,10,2,2,1,2.064416338393248,0.030624044603436734,-1.4297015845578205,-0.13939363157626547,-0.7470822452373762
0,2,16,41,3,6230,0.27531111579835477,2,14,3,4,4,0.3122356209066597,0.24340453165466766,0.3059260248390671,0.0723871306366563,0.9290941774642281
0,1,1,29,0,2109,0.058004640371229696,0,1,2,1,4,-2.845899781680632,-0.0786575324032542,0.6355206726033348,-0.3956498118953195,1.2487856600132121
0,2,12,45,9,3697,0.14174224847078676,1,10,3,4,4,0.023722606784177033,1.3635090487606105,0.9915999097442528,0.4260049972296375,0.6826243887901194
0,2,6,29,3,5373,0.2301202278000422,1,5,3,1,1,-1.150960660160302,-0.3923799338556298,-0.6153099442623956,-1.1298816427698324,-1.523999748974699
0,4,23,42,6,17665,0.8782957182029107,1,22,3,1,4,4.204066042522753,-0.06694736394889918,0.7597600613487833,-1.7372815243299236,0.8102781322724353
0,5,25,48,0,18265,0.9099346129508543,2,1,2,4,4,3.415782722047646,-2.955135499433668,-0.3684043642949877,1.4902028277841177,1.9430745142372239
1,1,1,20,0,2926,0.10108626871967939,2,1,2,4,4,-3.0171006199895674,-0.005924998413561201,-1.105644664507434,0.44815333388257245,1.6698782251268534
0,3,13,31,8,10648,0.5082788441257119,0,13,3,2,3,1.411939062811116,1.2105101497535178,0.6949696081510022,-0.601375276688004,-0.18556757185093684
0,2,10,41,2,6430,0.2858574140476693,1,3,1,2,3,-0.5674249965916357,-0.7794592306280015,-1.0760436410724925,0.5236623340780412,1.4590726366186755
1,1,4,29,2,2335,0.06992195739295508,0,2,2,1,1,-2.376484432322512,0.07041572451339845,-0.7021631362996196,-0.12316625708910696,-1.0190852636574863
0,2,9,42,4,5155,0.2186247627082894,2,6,3,1,2,-0.561229454525741,-0.9864021417777051,-0.4325858842600543,-1.5496355911948974,-0.6052490141676256
0,2,8,36,3,6652,0.2975638051044084,1,,2,4,2,-0.5835798445922412,0.04850483228202313,-0.9323489076243344,1.400554633828012,0.0018209225201175903
1,2,10,32,0,6735,0.3019405188778739,2,0,1,2,1,-1.085048473098602,-1.6264481567469815,-2.8297028527162595,0.28679199668957756,0.17897659236342978
0,2,10,36,2,5347,0.2287492090276313,1,3,3,3,1,-0.8957507676859182,-0.5663853524194162,-0.37443509671108055,0.578174654198808,-1.4706200043651196
0,1,8,42,2,2576,0.08263024678337903,0,5,3,1,2,-1.6007808656206037,-0.18914496798666083,1.0301658921021193,-0.41865703145485833,-0.9937521427600218
0,4,22,43,13,16064,0.7938726007171483,1,17,3,4,4,4.159207362894832,1.3731093236143803,0.5754218449433456,0.11373500062883019,0.8059219719298366
0,2,17,36,7,4502,0.1841910989242776,2,13,3,4,3,0.16478441133718932,1.0180844428457878,-0.3420171199607936,-0.12090376234605972,0.13507825259464698
0,2,11,36,8,5674,0.2459924066652605,1,9,3,2,2,-0.048624930747437976,0.7164805745720008,-0.11063538590461815,-0.804825292631141,-0.8096805998541955
0,3,10,36,7,9738,0.46029318709133094,1,9,3,4,2,0.9576049808205388,0.5740955767839405,-0.26422305756337006,0.6995465127896607,-0.7143718616636827
0,2,19,38,11,4735,0.19647753638472898,1,13,3,4,4,0.6766322492231327,2.0408804520560673,0.7366241307552107,0.08580833834766027,0.6794484033759425
0,1,6,33,2,2799,0.0943893693313647,2,3,2,1,3,-2.122141676803262,-0.7621104463892191,-1.0396605383632873,-1.351012117949344,0.8516599506693115
0,2,9,45,2,6434,0.2860683400126556,1,3,4,3,1,-0.4968890079130133,-1.024164548959698,0.7580246787552591,0.40435861571115245,-2.177681724675721
0,2,9,27,7,6500,0.28954861843492935,2,8,4,3,1,-0.4297773217557352,0.41068559744276323,-0.6636032682166849,-1.0088007765289702,-2.056008813870179
1,2,16,34,9,4599,0.1893060535751951,2,15,2,2,1,0.37125458187059357,1.0638802855417138,-2.1603190519495903,-1.0886015557946498,-0.7100024339665455
0,1,6,29,4,2703,0.08932714617169372,1,5,3,2,3,-1.98319952506717,0.4661198198198952,0.2711101876844686,-0.8140402116879819,-0.058286727537816586
0,2,12,32,8,5010,0.21097869647753642,2,11,3,3,2,-0.152649438252146,0.8665763212976972,-0.9368662524978183,-0.7905484082113914,-0.6294190436880199
0,4,24,44,6,16328,0.8077937144062435,1,20,3,1,4,3.9702076272271296,-0.22302662028914144,0.8758188541447942,-1.6254147768460947,0.8071844231094628
0,4,22,40,6,13237,0.644800674963088,2,20,3,3,2,3.2177559431346583,0.05133591560770496,-0.8187532158408627,-0.6129206240585873,-0.5260595996941285
0,4,37,55,9,16835,0.8345285804682556,2,10,3,2,1,4.805818675678588,-1.5956062933180206,-0.6469773960454221,-0.5311569024873009,-1.1859071968921278
0,5,21,41,16,19419,0.9707867538493988,0,18,3,3,1,5.402997467707804,1.6268041683862395,-0.27512720812765573,0.1316253094409072,-1.6241648945634923
1,2,7,43,3,5346,0.22869647753638472,2,4,1,3,1,-0.7106333346674709,-0.8368483602480178,-2.6248447022657624,0.9011066592501398,0.11784207608243781
0,2,8,38,2,4198,0.16816072558531953,2,3,3,2,2,-1.2098569011340643,-1.115899278068593,-0.5089924060851987,-0.7418387859455999,-0.5696736976420279
1,1,2,29,2,2760,0.09233284117274836,2,2,1,2,2,-2.4696055822179397,-0.4407708431087973,-2.5369339987286943,-0.21310789600337118,0.827263044499033
0,3,17,45,0,13245,0.6452225268930606,1,0,3,1,4,1.1588262598178107,-2.507357606629356,1.2564901266582453,-0.649895457076355,0.909367035321771
0,2,5,34,2,4325,0.17485762497363427,1,5,3,2,1,-1.3038925755010495,-0.41674244581386494,-0.45246254053797863,-0.2706300444187838,-1.519039729476954
0,1,4,38,2,2610,0.08442311748576249,0,4,4,3,4,-2.0316371578174848,0.4252887852104752,2.5445707559585156,0.2258498771322341,-0.1767895446372346
0,3,24,55,0,10239,0.48671166420586376,1,1,3,4,1,1.4454396058897139,-2.160845108149895,0.2895134165377073,2.061465315289354,-1.3356256087287024
0,3,18,40,15,10435,0.497047036490192,1,18,2,3,1,2.738240968338744,2.1199359133210076,-1.6292514940704528,-0.10427194739716135,-0.8583760749433437
0,1,2,20,2,2728,0.09064543345285804,2,2,3,1,4,-2.83984868786737,-0.3355445967191023,-0.18036709385811886,-2.177087656497858,0.890935280654064
1,1,8,33,3,3408,0.12650284750052732,0,4,1,4,1,-1.626414733663953,0.8763910149145503,-1.5702151971366107,2.352723945354821,-0.2618999276288958
0,1,8,31,4,2356,0.0710293187091331,1,6,3,4,4,-1.830675227618352,1.003591601325638,0.7194952832363353,0.4627445127417276,0.7149993108513133
0,3,14,40,10,10322,0.49108837797932925,1,11,3,4,1,1.7482850442111615,0.9266436267788981,-0.6365128621188385,0.7120010472851755,-1.487610380235786
0,4,32,50,2,17856,0.8883674330310062,1,2,3,1,4,3.5776973629318416,-2.8339681597929527,1.3796303002227004,-0.5663310912458447,0.9794479145480504
0,1,6,27,2,2580,0.08284117274836532,2,4,3,4,4,-2.3073839566897916,0.22990520866695696,-0.031660205114884626,0.02793803504120934,0.9252060887739504
0,3,15,36,8,8321,0.3855726639949378,1,12,3,1,4,1.1366559986826787,0.5131554884874441,0.7257756067383472,-1.8017649637250535,0.7141791074082703
0,4,35,53,8,16598,0.822031217042818,2,9,4,2,4,4.381829723694681,-1.5905376507943325,1.4825410532770895,-1.2962597137816954,0.3624247495586963
0,2,10,42,0,5538,0.23882092385572667,1,0,4,1,2,-1.0444879774268832,-1.8175824487217167,1.2661387334796865,-0.9727064574983793,-1.428231890076925
0,2,17,37,0,5163,0.21904661463826197,0,1,2,4,3,-0.769563133561405,-0.2946434068433535,0.4281687804318788,2.1604027758275652,0.6189809461007173
0,4,22,43,1,17159,0.8516135836321451,1,4,3,1,2,2.7899884505996044,-2.5504781719083405,0.2108867421606283,-0.5358431600475564,-0.5551283393903514
0,1,1,23,0,1223,0.01128453912676651,1,1,3,3,4,-3.2226932010965723,0.15362006516178903,0.5957290995687281,-0.06396351173460442,0.7366463085754157
0,1,12,52,4,2950,0.10235182450959714,1,5,3,1,3,-0.9251088732074129,-0.6592255707159733,1.0981908745151014,-0.923899868235298,-0.06621583388961741
0,1,3,29,2,3760,0.14506433241932082,0,3,3,4,1,-2.1143135758295917,0.6673120973783281,0.02535064947835479,1.5417357061671333,-1.6817983159305705
0,5,29,50,3,18740,0.9349820712929762,0,27,2,3,2,5.514236366575547,0.1311547630598986,-0.07911643921618665,1.098041927764962,-0.10531997592924822
0,2,20,42,16,4907,0.20554735287913944,1,20,3,3,2,1.6684532093195814,2.914395703839399,-0.15316599426109032,-0.7727023025752271,-0.9167208613991027
0,2,6,34,3,4404,0.17902341278211348,1,4,4,3,2,-1.2507556423759898,-0.13480924816395473,0.8115883784854659,-0.12041135207270179,-1.4663556990723476
0,1,6,32,3,3931,0.1540814174224847,1,4,3,2,3,-1.799562209839319,0.022102142252461297,0.3798221951541082,-0.6391101983474575,-0.03068861528440878
0,2,6,56,0,5380,0.2304893482387682,1,0,2,1,4,-0.8671979125154418,-1.9936576198288758,0.8051354863488733,-0.15015232476548881,1.4882442959333395
0,1,5,27,2,3816,0.14801729592912888,0,5,3,2,4,-2.034974110785552,0.6465438475720112,1.3304164672457541,-0.35937110580408965,0.5390173127353497
0,1,7,40,3,3377,0.12486817127188356,1,4,3,1,3,-1.6087842727629558,-0.45634619110770175,0.6905203869817202,-1.1420170164509849,-0.05281890036013357
1,3,17,37,0,10048,0.47663994937776843,0,1,3,3,1,0.5143167293903926,-1.225888379156307,0.34771802124796286,1.411792430822209,-1.5419607525824457
0,1,1,33,1,2008,0.05267875975532588,0,1,2,3,2,-2.6067262427508813,0.25465040670915595,-0.1944343987440633,1.3009299677347343,-0.23717303315497165
0,2,17,36,7,5237,0.22294874499050832,1,7,3,3,3,-0.005720377291767486,0.6470117859814342,0.3990152434252457,-0.08609964232321936,-0.016577904890928783
0,1,8,39,3,3755,0.14480067496308796,1,8,3,3,3,-1.28500479705222,0.3365834122056649,0.5589673513518275,0.09486761582630654,-0.04130364720804117
0,2,12,36,7,5079,0.2146171693735499,0,7,3,4,1,-0.21265232245479937,1.2265559737340752,0.12052595818080629,1.3663869654096448,-1.700965931445967
0,2,10,36,7,5228,0.22247416156928917,1,9,3,2,3,-0.27764161708338153,0.6706035587791962,0.3476635789342084,-0.8905038791914105,-0.05765568203895403
0,2,18,37,0,4197,0.16810799409407295,2,1,3,2,3,-0.9884563074362018,-1.6062129155506326,0.05805760986668778,-0.6567775380128091,0.2312971571058257
0,5,31,51,10,19847,0.9933558321029319,0,29,3,2,4,6.399113915991217,1.1231040520441813,1.5279810591111214,-0.6966882425499,0.6202863966669888
0,4,27,49,2,16413,0.8122758911622021,1,4,3,2,1,3.209443426646738,-2.447499694363443,-0.02741345579030592,0.401505920887986,-1.301592354885158
1,1,6,43,0,2437,0.07530056950010545,1,1,2,3,3,-2.087905369888319,-0.7052895256380062,-0.04062656243876698,0.9786277480302196,0.7165843553450921
0,2,4,33,2,4302,0.17364480067496307,1,3,3,2,4,-1.5694610191817115,-0.3361856615612448,0.8259047994542937,-0.6371863369591907,0.7463357653709559
0,3,13,46,7,10845,0.5186669479012866,0,8,3,3,4,1.5451907980635795,0.3601090680970436,1.644800044315823,0.5497579406480576,0.6143762153246676
1,1,5,56,2,2587,0.08321029318709132,2,4,3,4,1,-1.40339676486814,-1.001555957372233,-0.40979193741935327,1.1202959676645206,-1.3441755648752425
0,2,9,32,7,4668,0.19294452647120863,0,8,1,4,4,-0.5465343974579228,1.8570092891067196,-0.4805794549317064,1.5931811863032088,1.9677618194631048
1,2,10,30,8,9714,0.4590276313014132,1,10,2,1,2,0.5016847801013931,0.5689044626424081,-1.234775953273549,-1.2594494175657904,-0.06547544607700642
0,2,4,27,2,4227,0.16968993883147016,1,3,3,4,1,-1.6817860693049576,0.12457768553330426,-0.7348111653557718,1.0151647110364386,-1.4791588241257625
0,3,18,42,7,13348,0.6506538704914575,1,13,3,1,3,2.3825637823851844,-0.24725181432273546,0.4388572758003825,-1.4414276047081864,0.029626337842845653
1,1,1,20,0,2600,0.08389580257329678,2,1,2,1,4,-3.0990386344549647,-0.6534171682914557,-0.9995129744306938,-1.6398280898018631,1.6234000884378306
0,1,4,50,2,3875,0.15112845391267665,1,2,3,2,4,-1.5703383407454679,-0.8585956075499517,1.418579512561301,-0.22866952717336148,0.7285465496224891
1,1,1,19,0,1102,0.00490402868593124,2,1,2,4,2,-3.3280012934373913,0.02789579663036341,-1.9726105421001239,0.6802687039408645,0.14437421607654813
0,1,3,31,2,3067,0.10852140898544611,1,2,3,3,1,-2.27229169776707,-0.09292403264759286,-0.5235331538223128,0.40669449200599117,-1.516835153976625
0,1,3,29,1,2157,0.06053575195106517,1,3,3,4,3,-2.5529837188248106,0.3365739583434544,0.28028102444758046,0.8005484552993705,-0.007584983661661527
0,1,8,42,0,3968,0.1560324825986079,2,0,3,3,4,-1.8665870569140972,-1.3183349800955166,0.5652943487618642,-0.03051103011733816,0.9656672906057018
0,2,10,36,9,5673,0.24593967517401394,1,10,2,3,2,0.051495436993455844,1.2624115002327478,-1.0603091365531832,0.18267615953357585,-0.09691267824656094
1,4,22,42,9,13758,0.6722737819025523,2,21,3,1,3,3.6076311029026393,0.12454154846733093,-0.34904497279198876,-2.2978947500819227,0.17353930539961282
0,4,28,46,15,17048,0.8457603881037756,1,26,3,1,3,5.381478733207875,1.4894137036647035,0.2470191728352569,-2.151400459341823,-0.034391475093456504
0,4,21,39,9,12031,0.5812064965197216,1,20,2,4,2,3.196641233944636,1.382298675987486,-1.1531057137135385,0.7744274382829957,-0.01970402421001957
0,1,1,30,0,2693,0.08879983125922801,0,1,3,3,4,-2.712857879262613,0.22392263936780196,1.462411784731079,0.6315431573947069,0.569310202003181
0,2,10,36,4,5810,0.25316388947479435,2,10,2,4,1,-0.2922653153354737,0.1853443462028964,-2.0697595075510824,0.7921624388070614,-0.6113713758932251
1,1,10,41,7,2778,0.09328200801518667,0,7,1,4,2,-0.9547846002206944,1.5808306841610082,-0.9772341648915109,2.075369222797509,0.4338955660135123
0,1,4,22,2,2814,0.09518034170006327,1,4,2,3,2,-2.4359718222883955,0.5455868191688972,-1.254822904408235,0.38276898965428824,-0.05975370344270378
1,1,3,21,2,2174,0.06143218730225691,2,3,2,2,1,-2.7063369231221515,-0.17007909682199232,-2.344915212120605,-0.6938710258887872,-0.6468131653366718
0,1,10,41,6,3376,0.12481543978063699,1,10,4,3,2,-0.8515791395216298,0.7870202515097338,0.9927926874649072,-0.35118283907612047,-1.5442786493556868
0,3,24,45,7,10851,0.5189833368487661,0,7,1,1,2,2.110454489737818,-0.25970845000908077,-0.8185571137907555,0.2870496689265969,0.5413100188323661
0,2,6,29,4,8853,0.4136258173381143,0,6,3,4,1,-0.3443738001197141,0.6950518275789109,-0.14543740836092375,1.4065542104752722,-1.6351523551108762
0,1,1,51,0,2723,0.09038177599662518,1,1,3,4,3,-2.0672349402583525,-0.8021119867628762,1.0024303395139633,1.4467420525524413,0.005821485488455618
0,2,16,34,10,5747,0.24984180552626029,1,15,2,4,3,0.6525229219986383,2.152063195843545,-0.7375714388516404,0.49797743708067027,0.6457086974009393
1,1,15,40,4,2018,0.053206074667791606,2,5,3,1,4,-1.3554222043556423,-0.5535669943694663,0.5235657394021938,-1.8525482073040653,0.867915999561324
0,3,20,42,0,13191,0.6423750263657456,1,1,3,1,1,1.33991478831476,-2.547283189635824,-0.1212209692926088,-0.33340642626318634,-1.345073265084257
0,3,11,39,6,8237,0.3811432187302257,1,7,4,3,4,0.5802377211779032,0.08394465192969308,1.6863679323240128,-0.46443670113178187,0.06280959259733945
0,1,7,40,2,2387,0.07266399493777685,1,4,3,2,2,-1.8282620668410874,-0.38597742146220915,0.26689340435684994,-0.26060422888179535,-0.7947598904671027
0,3,10,45,8,7441,0.339168951697954,0,10,3,2,1,0.9898344714202342,0.5825353105604067,0.3338468603798627,0.06415789371986459,-1.7225728863362082
0,1,20,40,3,2001,0.052309639316599876,1,5,3,3,3,-1.094872993797043,0.04577280031517423,0.7649734630855831,0.27707706581466407,-0.01980701725022491
1,3,11,34,2,9950,0.4714722632356043,0,3,3,1,2,0.3034549127509025,-0.9371590650870628,0.6269897343657458,-0.40747120482945876,-0.8587621880359299
0,3,10,32,7,11159,0.5352246361527104,2,7,3,4,3,0.9246375606927362,0.07617257945398002,-0.6354301753880156,0.03263738152127714,0.25089715737473367
0,3,19,50,11,13269,0.6464880826829783,0,14,2,1,4,3.0412928007331406,0.748222388216439,0.8258065230441158,-0.7427073801452073,1.27412762304981
0,1,13,37,8,2793,0.09407298038388524,0,9,3,4,1,-0.7455853952618016,1.8225709373373442,0.1894178859683129,1.2212542196521607,-1.7585782661357086
1,3,9,29,7,7553,0.34507487871757014,2,8,3,4,3,0.18940618548314628,0.5494248396007024,-0.6846008736251921,-0.10815685697878653,0.19987749463061544
0,3,9,31,2,9637,0.45496730647542716,1,3,3,1,1,0.03970908685165142,-1.2845150822986393,-0.5852908569950166,-0.8743888554761668,-1.4349394108127855
0,1,5,38,4,3702,0.14200590592701962,1,5,2,3,4,-1.5796564800037338,0.4398900372180688,0.06153461211920733,0.3544599162259366,1.4286035128417496
0,2,7,27,7,9981,0.4731069394642481,2,7,3,3,4,-0.018924755712832954,0.3578242667885618,-0.3076000022905968,-0.9720908835712111,0.9582819609426887
0,1,7,41,0,2238,0.06480700274203754,1,5,3,1,3,-1.9471601198486843,-0.7954672100446714,0.8118753143399802,-0.9850703681218546,-0.049738243178265175
0,5,21,40,7,19626,0.9817021725374393,2,20,2,3,3,4.765332106403382,-0.2603502597234485,-1.4375698821675664,-0.34170700498516743,1.020099602224618
0,2,8,30,3,4115,0.16378401181185404,0,4,3,1,3,-1.3067786791523883,0.12536400628796682,1.004122669352201,-0.8240288941493528,-0.2084464131648933
0,2,10,30,7,3491,0.1308795612739928,0,10,3,3,3,-0.6765893078766635,1.7546955058468958,0.8121333156858123,0.1295927743104798,-0.2507184616170523
0,1,1,34,0,2008,0.05267875975532588,0,1,3,2,2,-2.6750122317973895,-0.22947820927585652,0.7690255782153811,0.2969978274253085,-0.9584752576495319
0,2,5,40,4,4639,0.191415313225058,1,5,3,1,4,-0.9944486919300589,-0.35449107857501044,1.0190446570189036,-1.343791478952941,0.7079230435387133
0,1,2,29,2,2297,0.06791816072558532,0,2,3,2,4,-2.568100832090044,0.4586737747966709,1.4201780444927825,-0.23730569055341905,0.5312177294616662
0,5,25,46,2,19081,0.9529635098080573,1,4,3,2,4,3.809849808274764,-2.4510452544345123,1.0814657504010021,-0.03771275468296705,0.9949892408627256
0,3,12,41,7,8189,0.37861210715039023,0,9,3,3,3,0.9416368781506114,0.7649768652137976,1.0798477118546614,0.5041479966530844,-0.17597939608746657
0,2,10,39,2,5736,0.249261759122548,1,3,1,3,1,-0.698939821225056,-0.5702703489535048,-2.0292350382040363,1.4360923628308733,-0.038021456970617984
0,1,8,29,5,3291,0.12033326302467832,0,7,3,2,4,-1.5798040671780378,1.2324422377662598,1.3384125686500066,-0.544567000819067,0.5027020293163981
0,4,31,52,2,16555,0.8197637629192154,1,5,3,4,4,3.540229808580366,-1.865144901269453,1.3315365391699856,1.446926253700982,0.9850877782432406
0,1,8,37,4,2996,0.10477747310693945,1,6,3,3,3,-1.5176403408377808,0.4489780637532678,0.5003460317511812,0.05125165555118284,-0.04559695453324284
0,1,8,44,2,3195,0.11527103986500738,0,2,3,4,3,-1.5916790701234642,0.17308425670866556,1.4435748869071405,1.6877923376592587,-0.17474419697022406
1,2,5,45,1,4286,0.17280109681501793,1,1,3,1,1,-1.2735100993383943,-1.536630569077294,-0.003184025286865189,-0.506360498014805,-1.5064430802415296
0,2,5,47,0,2976,0.10372284328200802,2,0,3,3,2,-1.614393540844919,-1.6686101095741077,-0.18121461118240614,0.3626433696951236,-0.5469443579169373
0,1,18,37,7,3034,0.10678126977430923,0,18,3,1,4,-0.1125368818807414,1.9120133453843904,1.5817133618335268,-1.4915953815450145,0.4217335991360761
1,2,8,41,4,5993,0.2628137523729171,2,6,3,4,2,-0.4713667873485109,-0.3309937067511977,-0.5898747535282731,0.5128575080763946,-0.5542069051637318
0,2,15,57,2,6755,0.3029951487028053,1,3,3,3,4,0.1947881145146784,-1.2658421432837477,1.6261626499873132,0.7133808023498993,0.8039137104901873
1,1,0,18,0,1904,0.04719468466568234,2,0,3,3,3,-3.371267432619512,-0.2938886994254589,-0.6806686013551697,-0.5303567480111077,0.18157370167858006
0,2,9,32,1,6667,0.29835477747310696,0,5,3,4,3,-0.8045202686719191,0.29524557899649095,0.973977913707134,1.4185416764563707,-0.12379487573560363
1,3,11,33,0,8564,0.3983864163678549,2,0,3,1,1,-0.3277049331714104,-2.3041987456510347,-1.0723179843283306,-1.1189265370174273,-1.2286276905788522
0,1,4,32,0,2314,0.06881459607677705,0,3,3,4,4,-2.4434439109610144,0.5475184607047863,1.5115260999120907,1.3194137915139783,0.572375045426028
1,1,11,39,0,3646,0.13905294241721156,2,1,2,1,1,-1.7314415673137473,-1.720073889223175,-1.6128811453234733,-0.7148155394901611,-0.6058415357765385
1,3,31,58,9,10008,0.4745306897279056,1,10,2,1,3,2.9651196199981213,-0.5824057380153504,0.24280015504862346,-0.6344594181578853,0.7265471852563341
0,2,10,31,5,6582,0.29387260071714827,2,6,3,4,2,-0.4925102144398442,0.11948865451210301,-0.9291095504825455,0.23144387651893059,-0.5464427395898886
1,1,6,39,2,3904,0.15265766715882723,2,5,3,1,3,-1.6497832431812884,-0.9506234275631211,-0.012150031823109815,-1.659681988984046,0.13619074657677813
0,3,9,27,7,7412,0.33763973845180345,1,9,3,1,3,0.16671584855172247,0.4761076571222508,0.013084234491897377,-1.76029199486666,-0.031945628070447575
1,1,6,44,4,2936,0.10161358363214511,2,6,3,3,3,-1.4532390305044274,-0.20508236200073626,0.039457138178649244,-0.3102762706809619,0.12898767950305065
0,1,8,45,3,2270,0.06649441046192786,0,5,3,4,4,-1.5127615891254764,0.6947149887521341,1.8745189687095236,1.4063294901044485,0.5395249681965792
0,4,22,40,3,13503,0.6588272516346763,1,22,2,2,3,3.1743191222930784,0.0708200637581198,-0.5006390617531531,-0.42530572676134915,0.758367495450486
0,3,14,47,8,11957,0.5773043661674753,1,13,3,2,3,2.155611681791768,0.10208287000174243,0.5276867860877755,-0.7199533481600239,0.008414614866377117
0,1,9,34,2,2311,0.06865640160303733,2,3,3,2,4,-2.052469503880224,-0.56585776962821,0.3030683764745275,-1.145657946434623,0.9030422537027057
0,2,20,44,11,4541,0.18624762708289389,2,20,3,4,4,1.2270649158035998,2.0102210109273346,0.2130797752563995,-0.5254202642607041,0.8172143635019848
0,2,17,36,7,4639,0.191415313225058,1,15,4,1,1,0.3356172475768538,0.7357836251298466,0.4102333796500312,-1.8786375374280189,-2.318281276157868
0,1,3,27,2,4621,0.19046614638261972,1,3,1,3,1,-2.0267349978800304,0.15306845014186135,-2.4338081550106065,1.072324057017646,-0.07307534388406155
1,1,6,24,3,3202,0.11564016030373338,2,5,3,2,1,-2.107080519583411,-0.11860110072254473,-1.4094861746159395,-1.1165027604027573,-1.3634446090900203
0,3,20,39,6,10938,0.5235709765872179,2,19,3,3,3,2.2024995750103984,0.4003803818510871,-0.3566262280206908,-0.7957580053552205,0.18822078742545112
1,1,2,36,0,3388,0.12544821767559589,1,1,2,3,4,-2.3670972249649522,-0.41590179894721585,0.11222420251049299,0.6609801697009027,1.4744405971356793
0,3,16,50,2,9208,0.43234549673064754,2,2,3,4,3,0.8059117997702175,-1.7102282194667537,0.21013494413872308,0.9483853141542007,0.3012938310681242
0,4,22,41,10,16015,0.7912887576460662,2,22,3,2,4,4.093361286558025,0.5302540555409971,-0.056357468554311424,-1.837334663574365,0.9537379528928668
1,2,10,31,2,6179,0.2726218097447796,1,10,3,3,4,-0.5873093398004898,0.365679388797644,0.6897656111724164,-0.18233128545619395,0.7550653590542853
0,5,21,39,9,19272,0.9630352246361527,1,21,2,4,3,4.9131437824865225,0.8591620169967561,-0.8888205485793922,0.6909586427577217,0.826284771487457
0,1,6,44,3,2436,0.07524783800885888,2,4,3,4,2,-1.6940573280890365,-0.34523154121634586,-0.375479284072094,0.6441898701692128,-0.594970428927829
0,2,5,33,3,4320,0.17459396751740142,2,5,2,2,4,-1.346062693470935,-0.3790460432964176,-0.7484680895515082,-0.8844241163886674,1.6258606738000279
0,2,6,33,0,7104,0.3213984391478591,0,5,3,3,3,-0.9360826553458212,-0.12416253019780119,1.028483473324306,0.792533995528227,-0.13156171484162169
0,2,9,37,2,5731,0.24899810166631514,0,6,2,4,3,-0.6735148551464011,0.4981588057054699,0.2453680005535716,1.828483186743915,0.5634165985815339
0,1,17,37,4,3452,0.12882303311537652,1,5,3,1,3,-1.0288090428655319,-0.21355500931407326,0.6541140597532705,-1.2492392015874398,-0.04329045520260453
1,1,5,27,3,3041,0.10715039021303523,0,4,3,1,3,-2.139747314956386,0.48292693991866187,0.9270167879769876,-0.9497665306150923,-0.23824432816553512
1,1,6,29,2,2546,0.08104830204598186,1,2,2,2,3,-2.303491157928519,-0.033989204798953426,-0.5202574391270901,-0.20216140251585418,0.6879241177210799
0,3,24,44,6,10248,0.48718624762708296,1,22,2,4,1,2.712072920678269,1.0745784288115374,-1.276525688893622,1.1112441843109682,-0.7891268085412015
0,1,5,23,2,2819,0.09544399915629613,1,3,4,1,1,-2.434219444284213,-0.23678633045010372,0.17274763370780447,-1.5911799203393326,-2.261187735731398
0,1,7,43,4,2089,0.05695001054629825,0,5,4,4,4,-1.6038545699930902,0.8823481205483541,2.650237990472084,0.9008949322022329,-0.18633008795542869
1,1,10,29,7,3339,0.12286437460451381,0,7,3,3,2,-1.2648353143291877,1.6110465765709336,0.4038344335819172,0.3151472503944506,-0.9975187682126456
0,1,8,27,6,4774,0.19853406454334532,1,7,2,1,4,-1.3254805986634886,0.764208652362773,-0.28568645694187345,-1.4595173090715425,1.3966929306040878
1,3,14,46,7,7314,0.33247205230963933,1,8,3,2,3,0.9489794709552376,-0.10953730195630368,0.6500994858727395,-0.5493006386584586,-0.010248247503056342
0,1,8,32,4,3038,0.10699219573929551,2,5,3,3,3,-1.7503831978970397,0.10761210026533019,-0.32073393261685285,-0.5498392162129483,0.14541704730283037
0,3,10,37,0,7642,0.3497679814385151,2,10,3,2,1,0.1294278357321934,-1.2738816963542035,-1.0578877920999232,-0.6870828790181658,-1.2894409167080367
0,2,12,30,9,3072,0.10878506644167897,0,12,3,1,3,-0.4056947171835261,1.8081393451915857,0.8367004335616107,-1.4395332817167579,-0.3075421357496324
0,2,8,38,7,4028,0.15919637207340226,2,7,2,4,4,-0.6684630322109139,0.6887681541195743,-0.7406463308783878,0.33516767344153126,1.611674021609346
0,2,6,33,2,5505,0.23708078464458976,0,6,3,4,4,-1.036136020018687,0.6917819604816858,1.3980585074934477,1.1871256018601672,0.5932042694461147
0,2,10,43,7,5679,0.24625606412149337,0,8,3,3,4,-0.019601360532584253,1.0227232306573733,1.6424198012964615,0.3912181715555491,0.5344791877984091
0,2,10,32,4,6220,0.27478380088588905,1,10,3,2,2,-0.3648809102811965,0.28208442490880303,-0.16492178507738192,-0.7005048159561008,-0.7782132809585899
0,1,6,31,2,3477,0.1301413203965408,1,5,3,3,2,-1.8992783897562564,0.17518366674515756,-0.09460953465117665,0.1881702125807149,-0.7716462884307154
0,2,9,52,2,3149,0.11284539126766506,1,5,3,3,4,-0.812416242518845,-0.5821982737759361,1.4557278574571983,0.4616598176656153,0.7371410042628743
0,4,23,44,11,13320,0.6491773887365535,1,12,4,4,4,3.3154322381525105,0.7136401910932004,1.6350306467966413,0.02039357782565826,0.10507351763415154
0,1,8,29,3,2532,0.08031006116852986,0,4,2,4,1,-1.9231629541087485,1.0183279195019788,-0.8108633729963565,1.8586362717953198,-0.985510855801146
1,1,8,33,4,2436,0.07524783800885888,1,5,3,4,3,-1.7867388849263766,0.7703657110842282,0.3572096497004555,0.6809827522293839,-0.03064766975120867
1,2,4,31,2,4559,0.18719679392533223,1,2,1,3,2,-1.549895973217202,-0.1527447591098761,-1.880122068734223,1.1006302339801113,0.6959512408451063
0,3,10,37,8,12185,0.5893271461716938,0,10,3,4,2,1.5863968092191074,1.0310648212228601,0.35688929199706576,1.1661998382976724,-0.8810713666065303
0,1,7,38,0,3306,0.12112423539337693,1,0,3,3,4,-2.127532985969419,-0.6862514677497319,1.107129833717132,0.37964936286332057,0.7746524796084333
0,1,8,33,7,2756,0.09212191520776207,1,8,3,2,4,-1.3850070033155826,1.1038967105364592,0.7485551573393799,-1.1224607005935512,0.6553322949126581
